CsServices.msp,File_GAC_Microsoft.Rtc.Management.Hosted.dll,NotFound---6.0.0.0,Can not Find in CSV!
OcsCore.msp,File_GAC_Microsoft.Rtc.Server.UdcLiteInterface.dll,NotFound---7.0.0.0,Can not Find in CSV!
OCSMCU.msp,File_ASMcuPerfUpdate.dll,NotFound---None,Can not Find in CSV!
OCSMCU.msp,File_ASMCU_RtmCodecs.dll,NotFound---None,Can not Find in CSV!
OCSMCU.msp,File_AVMCU_RtmCodecs.dll,NotFound---None,Can not Find in CSV!
OCSMCU.msp,File_ASMcuPerfUpdate.dll,NotFound---None,Can not Find in CSV!
Server.msp,File_BusyOptions.exe,NotFound---6.0.0.0,Can not Find in CSV!
Server.msp,File_BusyOptionsPerf.dll,NotFound---None,Can not Find in CSV!
Server.msp,File_SharedLineAppearance.exe,NotFound---6.0.0.0,Can not Find in CSV!
Server.msp,File_SLAPerf.dll,NotFound---None,Can not Find in CSV!
WebComponents.msp,File_CertProv_Ext_Bin_CertProv.dll,NotFound---6.0.0.0,Can not Find in CSV!
WebComponents.msp,File_CertProv_Int_Bin_CertProv.dll,NotFound---6.0.0.0,Can not Find in CSV!
WebComponents.msp,File_Ext_DataCollabWeb_Handler_Bin.dll,NotFound---6.0.0.0,Can not Find in CSV!
WebComponents.msp,File_Ext_WebScheduler_Handler_Bin_WebSchedulerHandler.dll,NotFound---6.0.0.0,Can not Find in CSV!
WebComponents.msp,File_GAC_Microsoft.IdentityModel.Clients.ActiveDirectory.WF.dll,NotFound---2.19.0.0,Can not Find in CSV!
WebComponents.msp,File_Int_DataCollabWeb_Handler_Bin.dll,NotFound---6.0.0.0,Can not Find in CSV!
WebComponents.msp,File_Int_WebScheduler_Handler_Bin_WebSchedulerHandler.dll,NotFound---6.0.0.0,Can not Find in CSV!
